start_time,end_time
2:16:00 PM,4:15:00 PM
4:14:00 PM,5:13:00 PM
7:37:00 PM,8:07:00 PM
1:41:00 AM,2:14:00 AM
1:55:00 PM,2:27:00 PM
4:53:00 PM,5:50:00 PM
6:06:00 PM,6:42:00 PM
7:17:00 PM,8:03:00 PM
9:10:00 PM,9:45:00 PM
10:35:00 PM,11:15:00 PM
4:17:00 PM,4:50:00 PM
7:42:00 PM,8:17:00 PM
8:53:00 PM,9:37:00 PM
11:20:00 PM,11:59:00 PM
8:17:00 PM,9:32:00 PM
10:20:00 PM,11:13:00 PM
11:28:00 PM,11:59:00 PM
6:04:00 PM,6:46:00 PM
8:52:00 PM,9:47:00 PM
11:45:00 PM,12:16:00 AM
1:23:00 AM,2:03:00 AM
